seq_1,seq_2,ss_1,ss_2,total_dots
CAUUGA,UCAAUG,((((((,)))))),0
UGACUG,CAGUCA,((((((,)))))),0
GUGGUC,GACCAC,((((((,)))))),0
UGCGAC,GUCGCA,((((((,)))))),0
UCCCAU,AUGGGA,((((((,)))))),0
AUCUGC,GCAGAU,((((((,)))))),0
UGUCGA,UCGACA,((((((,)))))),0
GAGGCA,UGCCUC,((((((,)))))),0
GUACGG,CCGUAC,((((((,)))))),0
CUGCAA,UUGCAG,((((((,)))))),0
CGGAUA,UAUCCG,((((((,)))))),0
CAACUC,GAGUUG,((((((,)))))),0
UGGUCG,CGACCA,((((((,)))))),0
GUCACA,UGUGAC,((((((,)))))),0
GCACCC,GGGUGC,((((((,)))))),0
CUGAGC,GCUCAG,((((((,)))))),0
GAAACG,CGUUUC,((((((,)))))),0
AUUGAU,AUCAAU,((((((,)))))),0
GGAAUC,GAUUCC,((((((,)))))),0
UCAGGG,CCCUGA,((((((,)))))),0
ACUAGG,CCUAGU,((((((,)))))),0
GAAGGC,GCCUUC,((((((,)))))),0
UAGCUU,AAGCUA,((((((,)))))),0
UAAAGA,UCUUUA,((((((,)))))),0
CCUCCA,UGGAGG,((((((,)))))),0
CUCGGU,ACCGAG,((((((,)))))),0
GGCUCC,GGAGCC,((((((,)))))),0
GUUUAC,GUAAAC,((((((,)))))),0
ACACAG,CUGUGU,((((((,)))))),0
GGUCUU,AAGACC,((((((,)))))),0
UAUCCC,GGGAUA,((((((,)))))),0
GAGUGU,ACACUC,((((((,)))))),0
CCGUAG,CUACGG,((((((,)))))),0
GUGCCU,AGGCAC,((((((,)))))),0
UGCACU,AGUGCA,((((((,)))))),0
AGCCAA,UUGGCU,((((((,)))))),0
GACAAU,AUUGUC,((((((,)))))),0
AGCUUG,CAAGCU,((((((,)))))),0
GCAUGA,UCAUGC,((((((,)))))),0
ACAGUA,UACUGU,((((((,)))))),0
AAGAAA,UUUCUU,((((((,)))))),0
CGCUAU,AUAGCG,((((((,)))))),0
CCUGUC,GACAGG,((((((,)))))),0
CUAGAG,CUCUAG,((((((,)))))),0
GUCUUU,AAAGAC,((((((,)))))),0
CGUGGG,CCCACG,((((((,)))))),0
UCAUCU,AGAUGA,((((((,)))))),0
UACAUC,GAUGUA,((((((,)))))),0
GCUACU,AGUAGC,((((((,)))))),0
GACCUA,UAGGUC,((((((,)))))),0
GCUGAA,UUCAGC,((((((,)))))),0
AGGUGA,UCACCU,((((((,)))))),0
GCCAGC,GCUGGC,((((((,)))))),0
GAGCAC,GUGCUC,((((((,)))))),0
CGAGCA,UGCUCG,((((((,)))))),0
CUUUCU,AGAAAG,((((((,)))))),0
AGGCUC,GAGCCU,((((((,)))))),0
UCGAGU,ACUCGA,((((((,)))))),0
AGUGCC,GGCACU,((((((,)))))),0
UCGUUA,UAACGA,((((((,)))))),0
AUACCA,UGGUAU,((((((,)))))),0
CUUAUG,CAUAAG,((((((,)))))),0
GCGAUG,CAUCGC,((((((,)))))),0
GGAGAU,AUCUCC,((((((,)))))),0
CUAUUA,UAAUAG,((((((,)))))),0
GGUAAG,CUUACC,((((((,)))))),0
ACGUCC,GGACGU,((((((,)))))),0
CCAAAU,AUUUGG,((((((,)))))),0
UAUGGU,ACCAUA,((((((,)))))),0
UACUCA,UGAGUA,((((((,)))))),0
AGACGU,ACGUCU,((((((,)))))),0
GAUUUG,CAAAUC,((((((,)))))),0
CCCACG,CGUGGG,((((((,)))))),0
CAUAAC,GUUAUG,((((((,)))))),0
GUUGCG,CGCAAC,((((((,)))))),0
AACGAG,CUCGUU,((((((,)))))),0
CAGGUG,CACCUG,((((((,)))))),0
UCUUGC,GCAAGA,((((((,)))))),0
AUGAUU,AAUCAU,((((((,)))))),0
AGAUAC,GUAUCU,((((((,)))))),0
AACCCU,AGGGUU,((((((,)))))),0
AAAUGG,CCAUUU,((((((,)))))),0
UUGGGA,UCCCAA,.(((((,))))).,2
UUUAAA,UUUAAA,.(((((,))))).,2
UUGUAU,AUACAA,.(((((,))))).,2
UUAGUU,AACUAA,.(((((,))))).,2
UUCAGG,CCUGAA,.(((((,))))).,2
UUACAC,GUGUAA,.(((((,))))).,2
