seq_1,seq_2,ss_1,ss_2,dg
GGUGAUAUCG,UGGUGUUGCC,((((((((((,)))))))))),-16.8
AUUCGGGCCC,GGGUUCGAGU,((((((((((,)))))))))),-21.5
UUGGUUUCCC,GGGAGGCCGG,.(((((((((,))))))))).,-21.9
GCGUGCGGGA,UUCUGUGCGC,((((((((((,)))))))))),-19.8
GUUUUGUUGG,CUGGCAAAGU,.(((((((((,))))))))).,-13.6
GAGCUGUCGA,UUGAUAGUUC,((((((((((,)))))))))),-18.1
GUCGUAGGCU,GGCCUACGAU,((((((((((,)))))))))),-22.4
CAGUGUCUUG,CGAGACACUG,((((((((((,)))))))))),-22.1
GGGGUAUUCU,AGGGUGCUCU,((((((((((,)))))))))),-17.4
CCAGGGAGGU,ACCUCCUUGG,((((((((((,)))))))))),-24.6
GGAAAAGCUU,GGGCUUUUCC,((((((((((,)))))))))),-18.8
GUAUGUGAGA,UCUCAUAUGU,.(((((((((,))))))))).,-16.6
UAUAGCAGAU,GUCUGUUAUA,((((((((((,)))))))))),-16.6
UCCUAGUCUU,GAGACUAGGG,.(((((((((,))))))))).,-20.6
GCUAAUGGUU,AAUCGUUGGC,((((((((((,)))))))))),-17.2
UUGGUGCGUA,UAUGUAUCGG,.(((((((((,))))))))).,-15.4
GGUGGGAAUC,GAUUCCUACU,((((((((((,)))))))))),-21.1
UUAGAUCGCU,AGUGAUUUAG,.(((((((((,))))))))).,-16.4
GUUGUGCUUG,UGAGUGUGAU,.....(((((,))))).....,-9.2
UGCGGCGGUA,UGUUGUCGCA,((((((((((,)))))))))),-16.0
AUUCGUUGGU,GCUAGUGGGU,((((((((((,)))))))))),-11.5
GAUUGAGUGG,CUGCUCGAUC,((((((((((,)))))))))),-19.2
CCGAUCUGCG,UGCGGGUCGG,((((((((((,)))))))))),-22.6
UGUAAGUACG,UGUGUUUGUA,..((((((((,))))))))..,-9.2
AGUGGUCUCU,AGAGGUCAUU,.(((((((((,))))))))).,-15.2
UAAUUGGUCG,UGAUUAAUUA,((((((((((,)))))))))),-13.7
UCCGUUAUUU,AAAUAGCGGA,((((((((((,)))))))))),-18.1
AUUGGCUAUU,AGUAGCUAAU,((((((((((,)))))))))),-16.6
UGACCAAGUU,GGUUUGGUCA,((((((((((,)))))))))),-14.6
CUUCUAGACG,CGUUUAGGGG,((((((((((,)))))))))),-18.2
GUGAUCGGCG,CGUUGAUUAU,((((((((((,)))))))))),-17.7
GGUUCUUCGU,AUGAGGGGCC,((((((((((,)))))))))),-18.9
UUUUAAAAGG,UCUUUUAAGA,((((((((((,)))))))))),-13.2
GUCUGCGUUG,CAAUGCAGGU,.(((((((((,))))))))).,-19.2
CUUGAGCGGA,UUCGCUCGAG,((((((((((,)))))))))),-20.9
GGGAAGCUAC,GUAGCUUCUC,((((((((((,)))))))))),-22.1
CGUUCGAUGU,ACGUUGAGUG,..((((((((,))))))))..,-14.0
UUCAAUGGAA,UUCUAUUGGG,.(((((((((,))))))))).,-15.5
CUAGUCAGUG,UACUGGCUAG,((((((((((,)))))))))),-20.2
AUGUCGGGUU,GACCUGGUGU,...(((((((,)))))))...,-14.2
GAUGGCUGGC,GCUGGCUAUC,((((((((((,)))))))))),-21.4
GGUAUGUGUA,UAUGCGUGCC,((((((((((,)))))))))),-17.5
UGCGGCUUAG,CUAAGCUGCG,.(((((((((,))))))))).,-22.4
GUGGUGACCG,UGGUCACUGC,((((((((((,)))))))))),-21.2
AUAACGCGGG,CUCGUGUUAU,((((((((((,)))))))))),-19.1
CUGCGUAUUG,UGGUGUGCAG,((((((((((,)))))))))),-13.6
GUUAGGGUGU,GCACCUUAGC,((((((((((,)))))))))),-19.5
GGGCUCCUUA,UGAGGGGUCC,((((((((((,)))))))))),-21.6
GGAUAUUGUU,GAUGGUGUCU,((((((((((,)))))))))),-13.0
UCGAUUGCUG,CGGCAAUUGA,((((((((((,)))))))))),-19.8
GCUUCGGUCU,AGACUGGGGC,((((((((((,)))))))))),-20.9
UUUGCUGGCG,UGUUGGUAGG,.(((((((((,))))))))).,-14.1
UGUUUUAUGC,GCAUGAAACG,.(((((((((,))))))))).,-18.5
GUCGGGUAGG,CUUACUUGAU,((((((((((,)))))))))),-17.7
UCCCUGGUGG,CCGCCAGGGG,.(((((((((,))))))))).,-27.0
GGGGCUAAAG,CUUUAGUCUC,((((((((((,)))))))))),-19.1
UGGAGUCUGU,ACGGGCUUCA,((((((((((,)))))))))),-19.4
UGAAUCGUGA,UUGUGGUUUG,.(((((((((,))))))))).,-9.5
GUGUAGGUCG,UGGCUUACGU,..((((((((,))))))))..,-16.4
UGCCCUGGGC,GUCUGGGGUG,.(((((((((,))))))))).,-21.4
UCUCUACUUC,GGAGUAGAGG,.(((((((((,))))))))).,-20.6
UUCAUAUGAU,AUUAUGUGGA,((((((((((,)))))))))),-14.5
UCAGUUUGGG,CCUAAGCUGA,((((((((((,)))))))))),-20.7
UGGUCUGUAU,AUAUAGGCCG,.(((((((((,))))))))).,-18.9
UUGGGUACAA,UUGUACUCAA,.(((((((((,))))))))).,-17.9
AGGUUAUUGC,GUGAUGGCUU,.(((((((((,))))))))).,-15.0
UGGACCGAUU,AGUCGGUCUA,((((((((((,)))))))))),-20.5
UAUCGGUUUU,AGAACUGAUG,((((((((((,)))))))))),-15.7
UAUGGGGCGG,UCGUUUCGUA,((((((((((,)))))))))),-15.8
AUCGUGAAGC,GCUUUGCGAU,((((((((((,)))))))))),-19.4
CGGUCAUGUG,CGCGUGGUUG,((((((((((,)))))))))),-15.1
GGAGCGGCGA,UCGUCGCUCU,((((((((((,)))))))))),-23.7
GGCGAACAUC,GGUGUUCGUC,((((((((((,)))))))))),-21.0
UUGCAUUGAU,AUCAGUGUAA,.(((((((((,))))))))).,-16.9
GGGCUGGAGU,AUUUCGGCUU,.(((((((((,))))))))).,-17.2
AGGGUGAUUA,UAAUCACCCU,((((((((((,)))))))))),-21.2
GAGGAGGGCU,AGUCUUCUUC,((((((((((,)))))))))),-19.5
GUGAGAUCAU,GUGGUUUCAU,((((((((((,)))))))))),-16.0
CGUUAUGGCU,GGCCAUAAUG,((((((((((,)))))))))),-19.3
CGCCCUUACU,AGUAAGGGUG,((((((((((,)))))))))),-22.3
UAGGCAGCUA,UAGCUGCCUG,((((((((((,)))))))))),-23.3
UGCACGCUUU,GGGGCGUGUG,.(((((((((,))))))))).,-18.3
GACCGGCGUG,CACGUCGGUU,((((((((((,)))))))))),-23.6
UUAGUCGUAG,CUACGACUAA,.(((((((((,))))))))).,-20.7
UCGUGUCAAU,GUUGGCACGG,.(((((((((,))))))))).,-18.9
AAAGUUGAUG,UGUCAACUUU,((((((((((,)))))))))),-15.4
UCGACGAUGG,UUGUCGUCGA,((((((((((,)))))))))),-18.6
UGGUGGUGGG,UUCAUCACCG,.(((((((((,))))))))).,-19.4
GUUAGUUGGA,UCCAACUGAC,((((((((((,)))))))))),-20.5
AAUGAUUGAG,CUCAGUUGUU,((((((((((,)))))))))),-15.6
UUGGUGUGUU,GGCGCGCUAA,.(((((((((,))))))))).,-16.7
CGUUAACCAG,UUGGUUAAUG,((((((((((,)))))))))),-17.4
CAACGCGUCU,AGGUGCGUUG,((((((((((,)))))))))),-17.9
UGAUUAUAGU,AUUGUAAUUA,((((((((((,)))))))))),-12.7
AAUUAGAUUU,GAGUUUGAUU,((((((((((,)))))))))),-11.3
GUGUGGCUGU,GUAGUCGUAC,((((((((((,)))))))))),-11.4
AGGUGGUGCA,UGUGCUACUU,.(((((((((,))))))))).,-17.4
UUCUUGCAAG,UUUGCAAGAA,.(((((((((,))))))))).,-18.3
CCUCGCUAGG,UUUGGCGAGG,((((((((((,)))))))))),-21.1
AUUUUCCAGA,UCUGGGGAAU,((((((((((,)))))))))),-17.7
GACGGUUUUA,UAGAAUUGUU,((((((((((,)))))))))),-13.4
UCUAUGUGGC,GCCACAUGGA,((((((((((,)))))))))),-23.3
UUAUGUGGAC,GUCCACGUGA,((((((((((,)))))))))),-20.9
ACUUCUCGUG,CAUGAGGGGU,((((((((((,)))))))))),-19.4
GGUCUUGGUG,CACUGGGACC,((((((((((,)))))))))),-20.8
CAACAAAGGG,CCUUUUGUUG,((((((((((,)))))))))),-19.3
GGUUGUGAAC,GUUUAUGGUU,....((((((,))))))....,-11.2
GUAGCUUAUA,UGUGGGCUAC,((((((((((,)))))))))),-18.0
AUUACUCUAA,UUAGAGUAGU,((((((((((,)))))))))),-16.8
UCGCGGUUCU,GGGGUUGUGA,((((((((((,)))))))))),-12.8
AGAGGCGUGU,GCAUGUUUCU,((((((((((,)))))))))),-17.3
AGUUCGGAUA,UGUCUGAGCU,((((((((((,)))))))))),-18.4
UGUGUACAGG,CUUGUGCGCG,.(((((((((,))))))))).,-20.1
AGCAUGUUAA,UUGGUAUGUU,.(((((((((,))))))))).,-11.0
UUAGAAUUUG,CAGAUUUUGG,.(((((((((,))))))))).,-13.6
GUAGUUGUUU,GAGUAGUUAC,((((((((((,)))))))))),-7.3
CACCAGGCAU,AUGCCUGGUG,((((((((((,)))))))))),-24.9
GGUUACUUGG,CCAGGUGACC,((((((((((,)))))))))),-22.3
CGAGUGCUGG,CCAGUAUUUG,((((((((((,)))))))))),-19.9
GGGUAGUAUG,CAUAUUAUUC,((((((((((,)))))))))),-15.4
CAGUGGGAUC,GAUUUCGUUG,((((((((((,)))))))))),-13.7
CUAUUGUCCA,UGGGUGGUGG,((((((((((,)))))))))),-13.3
UGUCAGGUGU,GUAUUUGGCA,((((((((((,)))))))))),-12.2
GCUAGAUUCG,CGGGUCUGGU,((((((((((,)))))))))),-19.6
CAAGCUCCAU,AUGGAGCUUG,((((((((((,)))))))))),-22.7
UUUAGUGUCG,CGAUAUUGAA,.(((((((((,))))))))).,-16.2
GUCCAAUGUG,UGCAUUGGAC,((((((((((,)))))))))),-19.6
UAUAUAGUUC,GAGUUAUGUA,((((((((((,)))))))))),-12.0
AUUAACGUAC,GUACGUUGAU,((((((((((,)))))))))),-18.2
ACAAGUUCGG,UUGAGCUUGU,((((((((((,)))))))))),-17.5
CACUGUGUGA,UCACGUGGUG,((((((((((,)))))))))),-15.9
GUAUGCAUAC,GUGUGUAUAC,((((((((((,)))))))))),-18.9
CUCUUGAUAC,GUAUCAGGGG,((((((((((,)))))))))),-19.5
UGACGCUUUC,GAGAGCGUCA,((((((((((,)))))))))),-22.5
UCUACGGAAC,GUUUUGUGGG,.(((((((((,))))))))).,-17.2
AAUGCCAUGG,CCGUGGCAUU,((((((((((,)))))))))),-22.7
UGACGUGUUG,CAACAUGUUG,.(((((((((,))))))))).,-18.1
CGGAGGAGAG,CUUUCUUUCG,((((((((((,)))))))))),-18.5
GGUAGGGGAU,AUCUUCUGCC,((((((((((,)))))))))),-19.7
GCAUCGUUGC,GCAACGAUGU,((((((((((,)))))))))),-22.7
CCUGACAUAA,UUAUGUUAGG,((((((((((,)))))))))),-18.3
GUCUUUUACG,CGUAGGAGGC,((((((((((,)))))))))),-18.6
UAUUCGAGUA,UGCUCGGAUA,((((((((((,)))))))))),-18.1
AGGAACAGCC,GGCUGUUCCU,((((((((((,)))))))))),-25.4
CUGACUUUGC,GCGGAGUCAG,((((((((((,)))))))))),-21.6
GGCCUUUUGC,GCAGAGGGCU,((((((((((,)))))))))),-22.5
UGUCGUGGCU,AGUCGCGACA,((((((((((,)))))))))),-21.8
GGCACAUGUC,GACAUGUGUU,.(((((((((,))))))))).,-21.0
GCGUGUCCUG,UGGGGUAUGC,((((((((((,)))))))))),-15.8
UUUUACUUUA,UAGGGUGGAA,.(((((((((,))))))))).,-13.0
CUGUUUGGGG,CCCUAAACAG,((((((((((,)))))))))),-22.1
ACGGAAGGGG,CCUCUUCCGU,((((((((((,)))))))))),-23.9
GCUAUUGAGG,UCUUAAUAGC,((((((((((,)))))))))),-18.0
ACAGUAACUA,UAGUUGUUGU,((((((((((,)))))))))),-13.6
GCGGACAAUU,GGUUGUCUGU,((((((((((,)))))))))),-17.3
UUCUGCUGCU,AGCAGCGGGG,.(((((((((,))))))))).,-21.8
CUCUCCGUUC,GGGCGGAGAG,((((((((((,)))))))))),-23.3
UUACCUCAGC,GCUGGGGUGA,((((((((((,)))))))))),-22.6
GAUUUUAGCU,AGUUGAAAUC,((((((((((,)))))))))),-16.0
GUUGCAAGAG,UUCUUGCGGU,.(((((((((,))))))))).,-16.8
UUGCUGACGU,GCGUUAGCAA,.(((((((((,))))))))).,-19.8
AGAUUGCCAU,GUGGCGAUCU,((((((((((,)))))))))),-20.3
CGUGGUUGUG,UAUAGUCAUG,((((((((((,)))))))))),-12.4
GCUGUGUGAU,AUUGUACAGC,((((((((((,)))))))))),-14.8
GAUACGGCCG,CGGUCGUAUC,((((((((((,)))))))))),-23.3
CACAGAAGCU,GGUUUCUGUG,((((((((((,)))))))))),-19.3
AUUGUGGCUU,AGGCCGCGGU,((((((((((,)))))))))),-19.3
GUCCUUGCUA,UAGUGAGGAU,((((((((((,)))))))))),-18.6
AACUUCGGUU,AAUCGAGGUU,((((((((((,)))))))))),-17.1
AGUAUGUUCU,GGAACGUACU,((((((((((,)))))))))),-17.8
UCUGAUCCGC,GUGGAUUGGG,.(((((((((,))))))))).,-19.4
GCAUUUGUAG,UUAUGGGUGU,((((((((((,)))))))))),-12.8
AAAUAAGGAU,AUCUUUAUUU,((((((((((,)))))))))),-14.0
CCUCCAUUAU,AUGAUGGAGG,((((((((((,)))))))))),-20.9
